strip_id,orientation_flag,orientation_label,look_azimuth_deg,incidence_field,incidence_raw_deg,incidence_deg,incidence_90_minus_raw_deg,incidence_convention,crs,width,height,transform,bounds,count,dtype,nodata
20190804111224_20190804111453,1,south-facing,180.0,collect.image.center_pixel.incidence_angle,33.6155957963679,33.6155957963679,56.3844042036321,"vertical (field is named incidence, not grazing)",EPSG:32631,42724,2829,"[0.25, 0.0, 592317.4837528648, 0.0, -0.25, 5749906.311398174]","[592317.4837528648, 5749199.061398174, 602998.4837528648, 5749906.311398174]",6,float32,nan
20190804111851_20190804112030,0,north-facing,0.0,collect.image.center_pixel.incidence_angle,36.58379227994535,36.58379227994535,53.41620772005465,"vertical (field is named incidence, not grazing)",EPSG:32631,30471,3601,"[0.25, 0.0, 596040.7800360685, 0.0, -0.25, 5747072.093741269]","[596040.7800360685, 5746171.843741269, 603658.5300360685, 5747072.093741269]",6,float32,nan
20190804113009_20190804113242,1,south-facing,180.0,collect.image.center_pixel.incidence_angle,33.39357952296903,33.39357952296903,56.60642047703097,"vertical (field is named incidence, not grazing)",EPSG:32631,43971,2843,"[0.25, 0.0, 592283.6673783489, 0.0, -0.25, 5750440.521989683]","[592283.6673783489, 5749729.771989683, 603276.4173783489, 5750440.521989683]",6,float32,nan
20190804113605_20190804113825,0,north-facing,0.0,collect.image.center_pixel.incidence_angle,33.745340681479206,33.745340681479206,56.254659318520794,"vertical (field is named incidence, not grazing)",EPSG:32631,43899,3009,"[0.25, 0.0, 592599.5383865188, 0.0, -0.25, 5747556.242617802]","[592599.5383865188, 5746803.992617802, 603574.2883865188, 5747556.242617802]",6,float32,nan
20190804114132_20190804114404,1,south-facing,180.0,collect.image.center_pixel.incidence_angle,33.904777090985746,33.904777090985746,56.095222909014254,"vertical (field is named incidence, not grazing)",EPSG:32631,44115,2845,"[0.25, 0.0, 592355.3613610824, 0.0, -0.25, 5750971.277932675]","[592355.3613610824, 5750260.027932675, 603384.1113610824, 5750971.277932675]",6,float32,nan
20190804114647_20190804114904,0,north-facing,0.0,collect.image.center_pixel.incidence_angle,34.43007225700779,34.43007225700779,55.56992774299221,"vertical (field is named incidence, not grazing)",EPSG:32631,42797,2992,"[0.25, 0.0, 592821.4034505488, 0.0, -0.25, 5748104.427800932]","[592821.4034505488, 5747356.427800932, 603520.6534505488, 5748104.427800932]",6,float32,nan
20190804115211_20190804115445,1,south-facing,180.0,collect.image.center_pixel.incidence_angle,33.69839276493213,33.69839276493213,56.30160723506787,"vertical (field is named incidence, not grazing)",EPSG:32631,44708,2855,"[0.25, 0.0, 592399.2954582184, 0.0, -0.25, 5751525.899450412]","[592399.2954582184, 5750812.149450412, 603576.2954582184, 5751525.899450412]",6,float32,nan
20190804115720_20190804115941,0,north-facing,0.0,collect.image.center_pixel.incidence_angle,34.055831184937816,34.055831184937816,55.944168815062184,"vertical (field is named incidence, not grazing)",EPSG:32631,43866,3008,"[0.25, 0.0, 592694.1051369692, 0.0, -0.25, 5748652.529608816]","[592694.1051369692, 5747900.529608816, 603660.6051369692, 5748652.529608816]",6,float32,nan
20190804120223_20190804120456,1,south-facing,180.0,collect.image.center_pixel.incidence_angle,34.452418126880765,34.452418126880765,55.547581873119235,"vertical (field is named incidence, not grazing)",EPSG:32631,44547,2854,"[0.25, 0.0, 592435.3825451366, 0.0, -0.25, 5752064.934530618]","[592435.3825451366, 5751351.434530618, 603572.1325451366, 5752064.934530618]",6,float32,nan
20190804120805_20190804121023,0,north-facing,0.0,collect.image.center_pixel.incidence_angle,34.3364803967797,34.3364803967797,55.6635196032203,"vertical (field is named incidence, not grazing)",EPSG:32631,43131,2997,"[0.25, 0.0, 592783.4025677174, 0.0, -0.25, 5749172.7062791465]","[592783.4025677174, 5748423.4562791465, 603566.1525677174, 5749172.7062791465]",6,float32,nan
20190804121331_20190804121610,1,south-facing,180.0,collect.image.center_pixel.incidence_angle,34.085569417788186,34.085569417788186,55.914430582211814,"vertical (field is named incidence, not grazing)",EPSG:32631,45700,2867,"[0.25, 0.0, 592130.3536120624, 0.0, -0.25, 5752594.050496106]","[592130.3536120624, 5751877.300496106, 603555.3536120624, 5752594.050496106]",6,float32,nan
20190804121908_20190804122131,0,north-facing,0.0,collect.image.center_pixel.incidence_angle,33.7020522258863,33.7020522258863,56.2979477741137,"vertical (field is named incidence, not grazing)",EPSG:32631,44554,3023,"[0.25, 0.0, 592581.5042509426, 0.0, -0.25, 5749728.1554671675]","[592581.5042509426, 5748972.4054671675, 603720.0042509426, 5749728.1554671675]",6,float32,nan
20190804122434_20190804122704,1,south-facing,180.0,collect.image.center_pixel.incidence_angle,34.296453582974976,34.296453582974976,55.703546417025024,"vertical (field is named incidence, not grazing)",EPSG:32631,43491,2842,"[0.25, 0.0, 592219.008054078, 0.0, -0.25, 5749883.937120313]","[592219.008054078, 5749173.437120313, 603091.758054078, 5749883.937120313]",6,float32,nan
20190804123018_20190804123239,0,north-facing,0.0,collect.image.center_pixel.incidence_angle,34.24617486100368,34.24617486100368,55.75382513899632,"vertical (field is named incidence, not grazing)",EPSG:32631,44237,3014,"[0.25, 0.0, 592680.2068083682, 0.0, -0.25, 5747021.672408218]","[592680.2068083682, 5746268.172408218, 603739.4568083682, 5747021.672408218]",6,float32,nan
20190804123547_20190804123823,1,south-facing,180.0,collect.image.center_pixel.incidence_angle,34.957906757972744,34.957906757972744,55.042093242027256,"vertical (field is named incidence, not grazing)",EPSG:32631,45044,2855,"[0.25, 0.0, 592294.8443902092, 0.0, -0.25, 5750428.1618647445]","[592294.8443902092, 5749714.4118647445, 603555.8443902092, 5750428.1618647445]",6,float32,nan
20190804124148_20190804124417,0,north-facing,0.0,collect.image.center_pixel.incidence_angle,33.999984544777185,33.999984544777185,56.000015455222815,"vertical (field is named incidence, not grazing)",EPSG:32631,46553,3049,"[0.25, 0.0, 592196.9941855193, 0.0, -0.25, 5747566.187181484]","[592196.9941855193, 5746803.937181484, 603835.2441855193, 5747566.187181484]",6,float32,nan
20190804124749_20190804125033,1,south-facing,180.0,collect.image.center_pixel.incidence_angle,34.09947346638336,34.09947346638336,55.90052653361664,"vertical (field is named incidence, not grazing)",EPSG:32631,47524,2884,"[0.25, 0.0, 592191.3383321774, 0.0, -0.25, 5750982.095229499]","[592191.3383321774, 5750261.095229499, 604072.3383321774, 5750982.095229499]",6,float32,nan
20190804125251_20190804125541,0,north-facing,0.0,collect.image.center_pixel.incidence_angle,33.72853241878646,33.72853241878646,56.27146758121354,"vertical (field is named incidence, not grazing)",EPSG:32631,52954,3147,"[0.25, 0.0, 590507.1416663574, 0.0, -0.25, 5748093.410862076]","[590507.1416663574, 5747306.660862076, 603745.6416663574, 5748093.410862076]",6,float32,nan
20190804130422_20190804130643,0,north-facing,0.0,collect.image.center_pixel.incidence_angle,34.857400638035855,34.857400638035855,55.142599361964145,"vertical (field is named incidence, not grazing)",EPSG:32631,43531,3003,"[0.25, 0.0, 592620.7168080262, 0.0, -0.25, 5748643.3615359785]","[592620.7168080262, 5747892.6115359785, 603503.4668080262, 5748643.3615359785]",6,float32,nan
20190804130928_20190804131204,1,south-facing,180.0,collect.image.center_pixel.incidence_angle,34.186696794728306,34.186696794728306,55.813303205271694,"vertical (field is named incidence, not grazing)",EPSG:32631,45524,2861,"[0.25, 0.0, 592194.0224112944, 0.0, -0.25, 5751507.198134503]","[592194.0224112944, 5750791.948134503, 603575.0224112944, 5751507.198134503]",6,float32,nan
20190804132031_20190804132301,0,north-facing,0.0,collect.image.center_pixel.incidence_angle,34.13750969996074,34.13750969996074,55.86249030003926,"vertical (field is named incidence, not grazing)",EPSG:32631,47354,3113,"[0.25, 0.0, 591995.5256147502, 0.0, -0.25, 5749174.701551988]","[591995.5256147502, 5748396.451551988, 603834.0256147502, 5749174.701551988]",6,float32,nan
20190804132547_20190804132826,1,south-facing,180.0,collect.image.center_pixel.incidence_angle,34.439784636888234,34.439784636888234,55.560215363111766,"vertical (field is named incidence, not grazing)",EPSG:32631,46003,2918,"[0.25, 0.0, 592224.7594104604, 0.0, -0.25, 5752078.665706946]","[592224.7594104604, 5751349.165706946, 603725.5094104604, 5752078.665706946]",6,float32,nan
20190804133131_20190804133356,0,north-facing,0.0,collect.image.center_pixel.incidence_angle,34.80370890287524,34.80370890287524,55.19629109712476,"vertical (field is named incidence, not grazing)",EPSG:32631,45803,3090,"[0.25, 0.0, 592388.70337094, 0.0, -0.25, 5749718.364506546]","[592388.70337094, 5748945.864506546, 603839.45337094, 5749718.364506546]",6,float32,nan
20190804133705_20190804133940,1,south-facing,180.0,collect.image.center_pixel.incidence_angle,34.512530031950455,34.512530031950455,55.487469968049545,"vertical (field is named incidence, not grazing)",EPSG:32631,45172,2909,"[0.25, 0.0, 592033.6570998336, 0.0, -0.25, 5752609.18538749]","[592033.6570998336, 5751881.93538749, 603326.6570998336, 5752609.18538749]",6,float32,nan
20190804134228_20190804134450,0,north-facing,0.0,collect.image.center_pixel.incidence_angle,34.78696084483078,34.78696084483078,55.21303915516922,"vertical (field is named incidence, not grazing)",EPSG:32631,44491,3018,"[0.25, 0.0, 592658.5510355283, 0.0, -0.25, 5747016.289719199]","[592658.5510355283, 5746261.789719199, 603781.3010355283, 5747016.289719199]",6,float32,nan
20190804135332_20190804135556,0,north-facing,0.0,collect.image.center_pixel.incidence_angle,34.41526036643623,34.41526036643623,55.58473963356377,"vertical (field is named incidence, not grazing)",EPSG:32631,44394,3016,"[0.25, 0.0, 592574.0586393893, 0.0, -0.25, 5747556.602738623]","[592574.0586393893, 5746802.602738623, 603672.5586393893, 5747556.602738623]",6,float32,nan
20190804135937_20190804140208,1,south-facing,180.0,collect.image.center_pixel.incidence_angle,33.93939075556518,33.93939075556518,56.06060924443482,"vertical (field is named incidence, not grazing)",EPSG:32631,44230,2882,"[0.25, 0.0, 592279.5212780976, 0.0, -0.25, 5749907.11339798]","[592279.5212780976, 5749186.61339798, 603337.0212780976, 5749907.11339798]",6,float32,nan
20190804140510_20190804140727,0,north-facing,0.0,collect.image.center_pixel.incidence_angle,34.31562701492181,34.31562701492181,55.68437298507819,"vertical (field is named incidence, not grazing)",EPSG:32631,42589,3025,"[0.25, 0.0, 592945.3760002146, 0.0, -0.25, 5748089.963689967]","[592945.3760002146, 5747333.713689967, 603592.6260002146, 5748089.963689967]",6,float32,nan
20190804141038_20190804141312,1,south-facing,180.0,collect.image.center_pixel.incidence_angle,33.396661900007764,33.396661900007764,56.603338099992236,"vertical (field is named incidence, not grazing)",EPSG:32631,45285,2895,"[0.25, 0.0, 592111.1790387847, 0.0, -0.25, 5750442.270068882]","[592111.1790387847, 5749718.520068882, 603432.4290387847, 5750442.270068882]",6,float32,nan
20190804141608_20190804141830,0,north-facing,0.0,collect.image.center_pixel.incidence_angle,34.614619985804424,34.614619985804424,55.385380014195576,"vertical (field is named incidence, not grazing)",EPSG:32631,44155,3049,"[0.25, 0.0, 592572.432562194, 0.0, -0.25, 5748631.199294579]","[592572.432562194, 5747868.949294579, 603611.182562194, 5748631.199294579]",6,float32,nan
20190804142149_20190804142420,1,south-facing,180.0,collect.image.center_pixel.incidence_angle,34.01920960037775,34.01920960037775,55.98079039962225,"vertical (field is named incidence, not grazing)",EPSG:32631,44244,2883,"[0.25, 0.0, 592391.6576510209, 0.0, -0.25, 5750989.679634593]","[592391.6576510209, 5750268.929634593, 603452.6576510209, 5750989.679634593]",6,float32,nan
20190804142736_20190804142950,0,north-facing,0.0,collect.image.center_pixel.incidence_angle,34.03991605562751,34.03991605562751,55.96008394437249,"vertical (field is named incidence, not grazing)",EPSG:32631,41596,3010,"[0.25, 0.0, 593224.4779920223, 0.0, -0.25, 5749165.267786109]","[593224.4779920223, 5748412.767786109, 603623.4779920223, 5749165.267786109]",6,float32,nan
20190804143251_20190804143533,1,south-facing,180.0,collect.image.center_pixel.incidence_angle,33.581089713785616,33.581089713785616,56.418910286214384,"vertical (field is named incidence, not grazing)",EPSG:32631,47204,2916,"[0.25, 0.0, 592300.1282566377, 0.0, -0.25, 5751525.218459667]","[592300.1282566377, 5750796.218459667, 604101.1282566377, 5751525.218459667]",6,float32,nan
20190804143846_20190804144102,0,north-facing,0.0,collect.image.center_pixel.incidence_angle,34.34136044232087,34.34136044232087,55.65863955767913,"vertical (field is named incidence, not grazing)",EPSG:32631,42493,3023,"[0.25, 0.0, 593263.8813819083, 0.0, -0.25, 5749717.155991625]","[593263.8813819083, 5748961.405991625, 603887.1313819083, 5749717.155991625]",6,float32,nan
20190804144353_20190804144627,1,south-facing,180.0,collect.image.center_pixel.incidence_angle,34.03349305513335,34.03349305513335,55.96650694486665,"vertical (field is named incidence, not grazing)",EPSG:32631,45188,2893,"[0.25, 0.0, 592076.025122226, 0.0, -0.25, 5752599.145585039]","[592076.025122226, 5751875.895585039, 603373.025122226, 5752599.145585039]",6,float32,nan
20190804145216_20190804145445,1,south-facing,180.0,collect.image.center_pixel.incidence_angle,34.01654960718122,34.01654960718122,55.98345039281878,"vertical (field is named incidence, not grazing)",EPSG:32631,43939,2879,"[0.25, 0.0, 592137.4117297989, 0.0, -0.25, 5752058.941039631]","[592137.4117297989, 5751339.191039631, 603122.1617297989, 5752058.941039631]",6,float32,nan
20190822065241_20190822065541,1,south-facing,180.0,collect.image.center_pixel.incidence_angle,34.75471936023439,34.75471936023439,55.24528063976561,"vertical (field is named incidence, not grazing)",EPSG:32631,51396,3072,"[0.25, 0.0, 591715.4005251612, 0.0, -0.25, 5749934.926635476]","[591715.4005251612, 5749166.926635476, 604564.4005251612, 5749934.926635476]",6,float32,nan
20190822065725_20190822065959,0,north-facing,0.0,collect.image.center_pixel.incidence_angle,34.671821933144976,34.671821933144976,55.328178066855024,"vertical (field is named incidence, not grazing)",EPSG:32631,48396,3221,"[0.25, 0.0, 591893.5887659277, 0.0, -0.25, 5747022.844630239]","[591893.5887659277, 5746217.594630239, 603992.5887659277, 5747022.844630239]",6,float32,nan
20190822070143_20190822070439,1,south-facing,180.0,collect.image.center_pixel.incidence_angle,34.51894743073383,34.51894743073383,55.48105256926617,"vertical (field is named incidence, not grazing)",EPSG:32631,48964,3044,"[0.25, 0.0, 591856.1991186203, 0.0, -0.25, 5750471.440275788]","[591856.1991186203, 5749710.440275788, 604097.1991186203, 5750471.440275788]",6,float32,nan
20190822070610_20190822070846,0,north-facing,0.0,collect.image.center_pixel.incidence_angle,34.46130204758379,34.46130204758379,55.53869795241621,"vertical (field is named incidence, not grazing)",EPSG:32631,48556,3224,"[0.25, 0.0, 591836.316004557, 0.0, -0.25, 5747566.341251796]","[591836.316004557, 5746760.341251796, 603975.316004557, 5747566.341251796]",6,float32,nan
20190822071025_20190822071321,1,south-facing,180.0,collect.image.center_pixel.incidence_angle,34.36073765628678,34.36073765628678,55.63926234371322,"vertical (field is named incidence, not grazing)",EPSG:32631,48549,3039,"[0.25, 0.0, 591895.0281274649, 0.0, -0.25, 5751010.472230965]","[591895.0281274649, 5750250.722230965, 604032.2781274649, 5751010.472230965]",6,float32,nan
20190822071501_20190822071737,0,north-facing,0.0,collect.image.center_pixel.incidence_angle,34.40990246809708,34.40990246809708,55.59009753190292,"vertical (field is named incidence, not grazing)",EPSG:32631,48556,3224,"[0.25, 0.0, 591866.9437723734, 0.0, -0.25, 5748100.011873038]","[591866.9437723734, 5747294.011873038, 604005.9437723734, 5748100.011873038]",6,float32,nan
20190822071924_20190822072224,1,south-facing,180.0,collect.image.center_pixel.incidence_angle,34.52472491979871,34.52472491979871,55.47527508020129,"vertical (field is named incidence, not grazing)",EPSG:32631,50388,3060,"[0.25, 0.0, 591644.3288090584, 0.0, -0.25, 5751556.768173811]","[591644.3288090584, 5750791.768173811, 604241.3288090584, 5751556.768173811]",6,float32,nan
20190822072404_20190822072642,0,north-facing,0.0,collect.image.center_pixel.incidence_angle,34.746697539422264,34.746697539422264,55.253302460577736,"vertical (field is named incidence, not grazing)",EPSG:32631,49020,3231,"[0.25, 0.0, 591778.9877836879, 0.0, -0.25, 5748640.04670161]","[591778.9877836879, 5747832.29670161, 604033.9877836879, 5748640.04670161]",6,float32,nan
20190822072817_20190822073109,1,south-facing,180.0,collect.image.center_pixel.incidence_angle,34.5082210999394,34.5082210999394,55.4917789000606,"vertical (field is named incidence, not grazing)",EPSG:32631,48964,3044,"[0.25, 0.0, 591827.8886634884, 0.0, -0.25, 5752095.420578488]","[591827.8886634884, 5751334.420578488, 604068.8886634884, 5752095.420578488]",6,float32,nan
20190822073257_20190822073557,0,north-facing,0.0,collect.image.center_pixel.incidence_angle,34.861622960206645,34.861622960206645,55.138377039793355,"vertical (field is named incidence, not grazing)",EPSG:32631,49886,3244,"[0.25, 0.0, 591674.5987716299, 0.0, -0.25, 5749177.087879885]","[591674.5987716299, 5748366.087879885, 604146.0987716299, 5749177.087879885]",6,float32,nan
20190822073746_20190822074042,1,south-facing,180.0,collect.image.center_pixel.incidence_angle,34.02577807434186,34.02577807434186,55.97422192565814,"vertical (field is named incidence, not grazing)",EPSG:32631,48678,3041,"[0.25, 0.0, 591871.7416171146, 0.0, -0.25, 5752632.75448899]","[591871.7416171146, 5751872.50448899, 604041.2416171146, 5752632.75448899]",6,float32,nan
20190822074237_20190822074521,0,north-facing,0.0,collect.image.center_pixel.incidence_angle,34.613175285729675,34.613175285729675,55.386824714270325,"vertical (field is named incidence, not grazing)",EPSG:32631,47260,3204,"[0.25, 0.0, 592256.8611554605, 0.0, -0.25, 5749728.959424462]","[592256.8611554605, 5748927.959424462, 604071.8611554605, 5749728.959424462]",6,float32,nan
20190822074720_20190822075013,1,south-facing,180.0,collect.image.center_pixel.incidence_angle,33.96583034125506,33.96583034125506,56.03416965874494,"vertical (field is named incidence, not grazing)",EPSG:32631,48582,3040,"[0.25, 0.0, 591764.7399656624, 0.0, -0.25, 5753178.922742899]","[591764.7399656624, 5752418.922742899, 603910.2399656624, 5753178.922742899]",6,float32,nan
20190822075219_20190822075510,0,north-facing,0.0,collect.image.center_pixel.incidence_angle,34.55009047183339,34.55009047183339,55.44990952816661,"vertical (field is named incidence, not grazing)",EPSG:32631,48316,3220,"[0.25, 0.0, 591991.4769702199, 0.0, -0.25, 5746488.798959671]","[591991.4769702199, 5745683.798959671, 604070.4769702199, 5746488.798959671]",6,float32,nan
20190822075657_20190822080002,1,south-facing,180.0,collect.image.center_pixel.incidence_angle,34.64788676918267,34.64788676918267,55.35211323081733,"vertical (field is named incidence, not grazing)",EPSG:32631,50582,3063,"[0.25, 0.0, 591851.8625482463, 0.0, -0.25, 5749936.704016215]","[591851.8625482463, 5749170.954016215, 604497.3625482463, 5749936.704016215]",6,float32,nan
20190822080151_20190822080440,0,north-facing,0.0,collect.image.center_pixel.incidence_angle,34.76669853880325,34.76669853880325,55.23330146119675,"vertical (field is named incidence, not grazing)",EPSG:32631,50892,3259,"[0.25, 0.0, 591973.0854260309, 0.0, -0.25, 5747033.170390756]","[591973.0854260309, 5746218.420390756, 604696.0854260309, 5747033.170390756]",6,float32,nan
20190822080619_20190822080931,1,south-facing,180.0,collect.image.center_pixel.incidence_angle,34.4335185673859,34.4335185673859,55.5664814326141,"vertical (field is named incidence, not grazing)",EPSG:32631,50068,3057,"[0.25, 0.0, 591806.4451272392, 0.0, -0.25, 5750474.659330841]","[591806.4451272392, 5749710.409330841, 604323.4451272392, 5750474.659330841]",6,float32,nan
20190822081617_20190822081907,0,north-facing,0.0,collect.image.center_pixel.incidence_angle,34.63778765748199,34.63778765748199,55.36221234251801,"vertical (field is named incidence, not grazing)",EPSG:32631,48012,3215,"[0.25, 0.0, 591944.4926297611, 0.0, -0.25, 5747569.913073287]","[591944.4926297611, 5746766.163073287, 603947.4926297611, 5747569.913073287]",6,float32,nan
20190822082047_20190822082347,1,south-facing,180.0,collect.image.center_pixel.incidence_angle,34.13767658861337,34.13767658861337,55.86232341138663,"vertical (field is named incidence, not grazing)",EPSG:32631,49430,3049,"[0.25, 0.0, 591827.4575469138, 0.0, -0.25, 5751018.779296507]","[591827.4575469138, 5750256.529296507, 604184.9575469138, 5751018.779296507]",6,float32,nan
20190822082538_20190822082826,0,north-facing,0.0,collect.image.center_pixel.incidence_angle,35.12825293297046,35.12825293297046,54.87174706702954,"vertical (field is named incidence, not grazing)",EPSG:32631,46523,3193,"[0.25, 0.0, 592425.0075806521, 0.0, -0.25, 5748108.750362476]","[592425.0075806521, 5747310.500362476, 604055.7575806521, 5748108.750362476]",6,float32,nan
20190822083256_20190822083600,1,south-facing,180.0,collect.image.center_pixel.incidence_angle,34.6738792750364,34.6738792750364,55.3261207249636,"vertical (field is named incidence, not grazing)",EPSG:32631,49765,3089,"[0.25, 0.0, 591867.5686196123, 0.0, -0.25, 5751579.029056222]","[591867.5686196123, 5750806.779056222, 604308.8186196123, 5751579.029056222]",6,float32,nan
20190822084226_20190822084526,0,north-facing,0.0,collect.image.center_pixel.incidence_angle,34.622291201754,34.622291201754,55.377708798246,"vertical (field is named incidence, not grazing)",EPSG:32631,48620,3225,"[0.25, 0.0, 591893.6571258734, 0.0, -0.25, 5748644.6944204625]","[591893.6571258734, 5747838.4444204625, 604048.6571258734, 5748644.6944204625]",6,float32,nan
20190822084703_20190822085003,1,south-facing,180.0,collect.image.center_pixel.incidence_angle,34.98798520586213,34.98798520586213,55.01201479413787,"vertical (field is named incidence, not grazing)",EPSG:32631,49158,3082,"[0.25, 0.0, 591756.2251430438, 0.0, -0.25, 5752109.871418657]","[591756.2251430438, 5751339.371418657, 604045.7251430438, 5752109.871418657]",6,float32,nan
20190822085151_20190822085445,0,north-facing,0.0,collect.image.center_pixel.incidence_angle,35.05884905399756,35.05884905399756,54.94115094600244,"vertical (field is named incidence, not grazing)",EPSG:32631,49132,3232,"[0.25, 0.0, 591648.1011447964, 0.0, -0.25, 5749173.860137137]","[591648.1011447964, 5748365.860137137, 603931.1011447964, 5749173.860137137]",6,float32,nan
20190822085638_20190822085935,1,south-facing,180.0,collect.image.center_pixel.incidence_angle,34.52853078460918,34.52853078460918,55.47146921539082,"vertical (field is named incidence, not grazing)",EPSG:32631,49796,3054,"[0.25, 0.0, 591598.9879732735, 0.0, -0.25, 5752634.708884768]","[591598.9879732735, 5751871.208884768, 604047.9879732735, 5752634.708884768]",6,float32,nan
20190822090458_20190822090745,0,north-facing,0.0,collect.image.center_pixel.incidence_angle,34.77849683239359,34.77849683239359,55.22150316760641,"vertical (field is named incidence, not grazing)",EPSG:32631,46894,3198,"[0.25, 0.0, 592465.6165367223, 0.0, -0.25, 5749728.802174166]","[592465.6165367223, 5748929.302174166, 604189.1165367223, 5749728.802174166]",6,float32,nan
20190822091156_20190822091502,1,south-facing,180.0,collect.image.center_pixel.incidence_angle,34.200507897732265,34.200507897732265,55.799492102267735,"vertical (field is named incidence, not grazing)",EPSG:32631,49413,3049,"[0.25, 0.0, 591761.7568374098, 0.0, -0.25, 5753179.803462356]","[591761.7568374098, 5752417.553462356, 604115.0068374098, 5753179.803462356]",6,float32,nan
20190822091719_20190822092011,0,north-facing,0.0,collect.image.center_pixel.incidence_angle,34.61190165167143,34.61190165167143,55.38809834832857,"vertical (field is named incidence, not grazing)",EPSG:32631,47916,3214,"[0.25, 0.0, 592276.968564042, 0.0, -0.25, 5746490.002028194]","[592276.968564042, 5745686.502028194, 604255.968564042, 5746490.002028194]",6,float32,nan
20190822092149_20190822092450,1,south-facing,180.0,collect.image.center_pixel.incidence_angle,34.76744292680998,34.76744292680998,55.23255707319002,"vertical (field is named incidence, not grazing)",EPSG:32631,50230,3059,"[0.25, 0.0, 591799.3412249872, 0.0, -0.25, 5749937.264155139]","[591799.3412249872, 5749172.514155139, 604356.8412249872, 5749937.264155139]",6,float32,nan
20190822092635_20190822092926,0,north-facing,0.0,collect.image.center_pixel.incidence_angle,34.88654408202709,34.88654408202709,55.11345591797291,"vertical (field is named incidence, not grazing)",EPSG:32631,49356,3236,"[0.25, 0.0, 591834.8376790682, 0.0, -0.25, 5747026.122998033]","[591834.8376790682, 5746217.122998033, 604173.8376790682, 5747026.122998033]",6,float32,nan
20190822093113_20190822093410,1,south-facing,180.0,collect.image.center_pixel.incidence_angle,35.245771817965455,35.245771817965455,54.754228182034545,"vertical (field is named incidence, not grazing)",EPSG:32631,48260,3036,"[0.25, 0.0, 591607.7082841808, 0.0, -0.25, 5750467.20703221]","[591607.7082841808, 5749708.20703221, 603672.7082841808, 5750467.20703221]",6,float32,nan
20190822093552_20190822093843,0,north-facing,0.0,collect.image.center_pixel.incidence_angle,34.801056251749955,34.801056251749955,55.198943748250045,"vertical (field is named incidence, not grazing)",EPSG:32631,47916,3214,"[0.25, 0.0, 592102.9727100855, 0.0, -0.25, 5747572.062488679]","[592102.9727100855, 5746768.562488679, 604081.9727100855, 5747572.062488679]",6,float32,nan
20190822094025_20190822094322,1,south-facing,180.0,collect.image.center_pixel.incidence_angle,34.573301787655865,34.573301787655865,55.426698212344135,"vertical (field is named incidence, not grazing)",EPSG:32631,48678,3041,"[0.25, 0.0, 591887.0165314876, 0.0, -0.25, 5751011.809711934]","[591887.0165314876, 5750251.559711934, 604056.5165314876, 5751011.809711934]",6,float32,nan
20190822094509_20190822094813,0,north-facing,0.0,collect.image.center_pixel.incidence_angle,35.07668551985124,35.07668551985124,54.92331448014876,"vertical (field is named incidence, not grazing)",EPSG:32631,49916,3244,"[0.25, 0.0, 591589.3878686887, 0.0, -0.25, 5748106.747142579]","[591589.3878686887, 5747295.747142579, 604068.3878686887, 5748106.747142579]",6,float32,nan
20190822094951_20190822095250,1,south-facing,180.0,collect.image.center_pixel.incidence_angle,34.43509815593325,34.43509815593325,55.56490184406675,"vertical (field is named incidence, not grazing)",EPSG:32631,49988,3056,"[0.25, 0.0, 591744.1399574847, 0.0, -0.25, 5751550.844896592]","[591744.1399574847, 5750786.844896592, 604241.1399574847, 5751550.844896592]",6,float32,nan
20190822095638_20190822095937,0,north-facing,0.0,collect.image.center_pixel.incidence_angle,34.8983223886208,34.8983223886208,55.1016776113792,"vertical (field is named incidence, not grazing)",EPSG:32631,50428,3252,"[0.25, 0.0, 591579.7436176013, 0.0, -0.25, 5748643.50622435]","[591579.7436176013, 5747830.50622435, 604186.7436176013, 5748643.50622435]",6,float32,nan
20190822100114_20190822100413,1,south-facing,180.0,collect.image.center_pixel.incidence_angle,34.27918782768457,34.27918782768457,55.72081217231543,"vertical (field is named incidence, not grazing)",EPSG:32631,49700,3053,"[0.25, 0.0, 591754.4202418376, 0.0, -0.25, 5752094.340216909]","[591754.4202418376, 5751331.090216909, 604179.4202418376, 5752094.340216909]",6,float32,nan
20190822100953_20190822101249,0,north-facing,0.0,collect.image.center_pixel.incidence_angle,34.62987078778068,34.62987078778068,55.37012921221932,"vertical (field is named incidence, not grazing)",EPSG:32631,49916,3244,"[0.25, 0.0, 591709.357887723, 0.0, -0.25, 5749176.868006223]","[591709.357887723, 5748365.868006223, 604188.357887723, 5749176.868006223]",6,float32,nan
20190822101452_20190822101748,1,south-facing,180.0,collect.image.center_pixel.incidence_angle,34.5542561319345,34.5542561319345,55.4457438680655,"vertical (field is named incidence, not grazing)",EPSG:32631,47012,3022,"[0.25, 0.0, 591496.3243039551, 0.0, -0.25, 5752618.614057836]","[591496.3243039551, 5751863.114057836, 603249.3243039551, 5752618.614057836]",6,float32,nan
20190822101929_20190822102224,0,north-facing,0.0,collect.image.center_pixel.incidence_angle,34.7957432895923,34.7957432895923,55.2042567104077,"vertical (field is named incidence, not grazing)",EPSG:32631,47868,3213,"[0.25, 0.0, 592066.6656013059, 0.0, -0.25, 5749726.249949077]","[592066.6656013059, 5748922.999949077, 604033.6656013059, 5749726.249949077]",6,float32,nan
20190822102427_20190822102736,1,south-facing,180.0,collect.image.center_pixel.incidence_angle,34.8395186381892,34.8395186381892,55.1604813618108,"vertical (field is named incidence, not grazing)",EPSG:32631,49284,3048,"[0.25, 0.0, 591627.3440514312, 0.0, -0.25, 5753171.035157029]","[591627.3440514312, 5752409.035157029, 603948.3440514312, 5753171.035157029]",6,float32,nan
20190822102956_20190822103254,0,north-facing,0.0,collect.image.center_pixel.incidence_angle,34.91633224627161,34.91633224627161,55.08366775372839,"vertical (field is named incidence, not grazing)",EPSG:32631,50125,3283,"[0.25, 0.0, 591760.6324209227, 0.0, -0.25, 5746483.714248871]","[591760.6324209227, 5745662.964248871, 604291.8824209227, 5746483.714248871]",6,float32,nan
20190822133333_20190822133635,1,south-facing,180.0,collect.image.center_pixel.incidence_angle,34.15972435143078,34.15972435143078,55.84027564856922,"vertical (field is named incidence, not grazing)",EPSG:32631,48900,3043,"[0.25, 0.0, 591811.1840497546, 0.0, -0.25, 5749925.409387087]","[591811.1840497546, 5749164.659387087, 604036.1840497546, 5749925.409387087]",6,float32,nan
20190822133830_20190822134118,0,north-facing,0.0,collect.image.center_pixel.incidence_angle,35.27728337360299,35.27728337360299,54.72271662639701,"vertical (field is named incidence, not grazing)",EPSG:32631,47390,3206,"[0.25, 0.0, 592256.7084798192, 0.0, -0.25, 5747030.336564904]","[592256.7084798192, 5746228.836564904, 604104.2084798192, 5747030.336564904]",6,float32,nan
20190822134328_20190822134645,1,south-facing,180.0,collect.image.center_pixel.incidence_angle,34.574740607709565,34.574740607709565,55.425259392290435,"vertical (field is named incidence, not grazing)",EPSG:32631,48837,3043,"[0.25, 0.0, 591880.6988649459, 0.0, -0.25, 5750471.239633703]","[591880.6988649459, 5749710.489633703, 604089.9488649459, 5750471.239633703]",6,float32,nan
20190822134835_20190822135131,0,north-facing,0.0,collect.image.center_pixel.incidence_angle,34.700386016506364,34.700386016506364,55.299613983493636,"vertical (field is named incidence, not grazing)",EPSG:32631,49851,3243,"[0.25, 0.0, 591651.8191866889, 0.0, -0.25, 5747569.657072618]","[591651.8191866889, 5746758.907072618, 604114.5691866889, 5747569.657072618]",6,float32,nan
20190822135802_20190822140055,0,north-facing,0.0,collect.image.center_pixel.incidence_angle,35.41196326565893,35.41196326565893,54.58803673434107,"vertical (field is named incidence, not grazing)",EPSG:32631,47804,3212,"[0.25, 0.0, 591919.784356699, 0.0, -0.25, 5748108.021466737]","[591919.784356699, 5747305.021466737, 603870.784356699, 5748108.021466737]",6,float32,nan
20190822141103_20190822141406,1,south-facing,180.0,collect.image.center_pixel.incidence_angle,35.08491142140102,35.08491142140102,54.91508857859898,"vertical (field is named incidence, not grazing)",EPSG:32631,48854,3080,"[0.25, 0.0, 591983.1553764276, 0.0, -0.25, 5751022.585708745]","[591983.1553764276, 5750252.585708745, 604196.6553764276, 5751022.585708745]",6,float32,nan
20190822141600_20190822141831,0,north-facing,0.0,collect.image.center_pixel.incidence_angle,33.812943577065006,33.812943577065006,56.187056422934994,"vertical (field is named incidence, not grazing)",EPSG:32631,48268,3219,"[0.25, 0.0, 591872.7576775667, 0.0, -0.25, 5748636.591540503]","[591872.7576775667, 5747831.841540503, 603939.7576775667, 5748636.591540503]",6,float32,nan
20190822142017_20190822142316,1,south-facing,180.0,collect.image.center_pixel.incidence_angle,34.091724535364435,34.091724535364435,55.908275464635565,"vertical (field is named incidence, not grazing)",EPSG:32631,48279,3036,"[0.25, 0.0, 591844.7982021587, 0.0, -0.25, 5751554.566615883]","[591844.7982021587, 5750795.566615883, 603914.5482021587, 5751554.566615883]",6,float32,nan
20190822142505_20190822142747,0,north-facing,0.0,collect.image.center_pixel.incidence_angle,35.87987973945715,35.87987973945715,54.12012026054285,"vertical (field is named incidence, not grazing)",EPSG:32631,47438,3207,"[0.25, 0.0, 592106.4715291838, 0.0, -0.25, 5749179.414323029]","[592106.4715291838, 5748377.664323029, 603965.9715291838, 5749179.414323029]",6,float32,nan
20190822143107_20190822143418,1,south-facing,180.0,collect.image.center_pixel.incidence_angle,34.94808969922736,34.94808969922736,55.05191030077264,"vertical (field is named incidence, not grazing)",EPSG:32631,51188,3106,"[0.25, 0.0, 591739.8548665937, 0.0, -0.25, 5752126.10522085]","[591739.8548665937, 5751349.60522085, 604536.8548665937, 5752126.10522085]",6,float32,nan
20190822143613_20190822143904,0,north-facing,0.0,collect.image.center_pixel.incidence_angle,34.97925391962576,34.97925391962576,55.02074608037424,"vertical (field is named incidence, not grazing)",EPSG:32631,49564,3239,"[0.25, 0.0, 591666.7823667234, 0.0, -0.25, 5749721.992623139]","[591666.7823667234, 5748912.242623139, 604057.7823667234, 5749721.992623139]",6,float32,nan
20190822144046_20190822144338,1,south-facing,180.0,collect.image.center_pixel.incidence_angle,34.43111104023639,34.43111104023639,55.56888895976361,"vertical (field is named incidence, not grazing)",EPSG:32631,47925,3032,"[0.25, 0.0, 591747.0146730692, 0.0, -0.25, 5752627.872969028]","[591747.0146730692, 5751869.872969028, 603728.2646730692, 5752627.872969028]",6,float32,nan
20190822144546_20190822144829,0,north-facing,0.0,collect.image.center_pixel.incidence_angle,34.89360010399799,34.89360010399799,55.10639989600201,"vertical (field is named incidence, not grazing)",EPSG:32631,48508,3223,"[0.25, 0.0, 591913.0284015499, 0.0, -0.25, 5746485.554731088]","[591913.0284015499, 5745679.804731088, 604040.0284015499, 5746485.554731088]",6,float32,nan
20190822145028_20190822145325,1,south-facing,180.0,collect.image.center_pixel.incidence_angle,35.29892870313644,35.29892870313644,54.70107129686356,"vertical (field is named incidence, not grazing)",EPSG:32631,50006,3092,"[0.25, 0.0, 591753.1878209475, 0.0, -0.25, 5753187.485140788]","[591753.1878209475, 5752414.485140788, 604254.6878209475, 5753187.485140788]",6,float32,nan
20190822145832_20190822150114,1,south-facing,180.0,collect.image.center_pixel.incidence_angle,34.05308483588808,34.05308483588808,55.94691516411192,"vertical (field is named incidence, not grazing)",EPSG:32631,46631,3017,"[0.25, 0.0, 591851.1048172982, 0.0, -0.25, 5749926.088326246]","[591851.1048172982, 5749171.838326246, 603508.8548172982, 5749926.088326246]",6,float32,nan
20190822150221_20190822150509,0,north-facing,0.0,collect.image.center_pixel.incidence_angle,35.115679725321286,35.115679725321286,54.884320274678714,"vertical (field is named incidence, not grazing)",EPSG:32631,48732,3226,"[0.25, 0.0, 591846.7298187771, 0.0, -0.25, 5747030.922105382]","[591846.7298187771, 5746224.422105382, 604029.7298187771, 5747030.922105382]",6,float32,nan
20190822150641_20190822150929,1,south-facing,180.0,collect.image.center_pixel.incidence_angle,34.476723728955285,34.476723728955285,55.523276271044715,"vertical (field is named incidence, not grazing)",EPSG:32631,47524,3028,"[0.25, 0.0, 591919.631714332, 0.0, -0.25, 5750473.586956616]","[591919.631714332, 5749716.586956616, 603800.631714332, 5750473.586956616]",6,float32,nan
20190822151108_20190822151351,0,north-facing,0.0,collect.image.center_pixel.incidence_angle,34.646859768127605,34.646859768127605,55.353140231872395,"vertical (field is named incidence, not grazing)",EPSG:32631,47660,3210,"[0.25, 0.0, 592133.8416585888, 0.0, -0.25, 5747563.510946233]","[592133.8416585888, 5746761.010946233, 604048.8416585888, 5747563.510946233]",6,float32,nan
20190822151523_20190822151826,1,south-facing,180.0,collect.image.center_pixel.incidence_angle,35.32514020378451,35.32514020378451,54.67485979621549,"vertical (field is named incidence, not grazing)",EPSG:32631,47557,3028,"[0.25, 0.0, 592042.8950995938, 0.0, -0.25, 5751020.123723769]","[592042.8950995938, 5750263.123723769, 603932.1450995938, 5751020.123723769]",6,float32,nan
20190822151944_20190822152215,0,north-facing,0.0,collect.image.center_pixel.incidence_angle,34.551261450873945,34.551261450873945,55.448738549126055,"vertical (field is named incidence, not grazing)",EPSG:32631,45405,3176,"[0.25, 0.0, 592713.769487486, 0.0, -0.25, 5748105.907336187]","[592713.769487486, 5747311.907336187, 604065.019487486, 5748105.907336187]",6,float32,nan
20190822152811_20190822153054,0,north-facing,0.0,collect.image.center_pixel.incidence_angle,35.411946077562256,35.411946077562256,54.588053922437744,"vertical (field is named incidence, not grazing)",EPSG:32631,45405,3176,"[0.25, 0.0, 592566.8097219225, 0.0, -0.25, 5748643.974746964]","[592566.8097219225, 5747849.974746964, 603918.0597219225, 5748643.974746964]",6,float32,nan
20190822153149_20190822153444,1,south-facing,180.0,collect.image.center_pixel.incidence_angle,34.78503157754217,34.78503157754217,55.21496842245783,"vertical (field is named incidence, not grazing)",EPSG:32631,48021,3069,"[0.25, 0.0, 591900.6271308741, 0.0, -0.25, 5752116.02478574]","[591900.6271308741, 5751348.77478574, 603905.8771308741, 5752116.02478574]",6,float32,nan
20190822153558_20190822153835,0,north-facing,0.0,collect.image.center_pixel.incidence_angle,34.92103795579849,34.92103795579849,55.07896204420151,"vertical (field is named incidence, not grazing)",EPSG:32631,46572,3193,"[0.25, 0.0, 592332.362827437, 0.0, -0.25, 5749184.976800949]","[592332.362827437, 5748386.726800949, 603975.362827437, 5749184.976800949]",6,float32,nan
20190822153931_20190822154218,1,south-facing,180.0,collect.image.center_pixel.incidence_angle,35.00374272614322,35.00374272614322,54.99625727385678,"vertical (field is named incidence, not grazing)",EPSG:32631,47382,3026,"[0.25, 0.0, 591720.0079719988, 0.0, -0.25, 5752626.75369938]","[591720.0079719988, 5751870.25369938, 603565.5079719988, 5752626.75369938]",6,float32,nan
20190822154325_20190822154559,0,north-facing,0.0,collect.image.center_pixel.incidence_angle,34.76203824438387,34.76203824438387,55.23796175561613,"vertical (field is named incidence, not grazing)",EPSG:32631,46573,3229,"[0.25, 0.0, 592217.167759754, 0.0, -0.25, 5749722.320752676]","[592217.167759754, 5748915.070752676, 603860.417759754, 5749722.320752676]",6,float32,nan
20190822154658_20190822154950,1,south-facing,180.0,collect.image.center_pixel.incidence_angle,34.6767876993487,34.6767876993487,55.3232123006513,"vertical (field is named incidence, not grazing)",EPSG:32631,48982,3044,"[0.25, 0.0, 591701.3163007498, 0.0, -0.25, 5753173.023377457]","[591701.3163007498, 5752412.023377457, 603946.8163007498, 5753173.023377457]",6,float32,nan
20190822155125_20190822155355,0,north-facing,0.0,collect.image.center_pixel.incidence_angle,34.9447306276122,34.9447306276122,55.0552693723878,"vertical (field is named incidence, not grazing)",EPSG:32631,44605,3163,"[0.25, 0.0, 592751.0586639928, 0.0, -0.25, 5746475.0868078945]","[592751.0586639928, 5745684.3368078945, 603902.3086639928, 5746475.0868078945]",6,float32,nan
20190822155502_20190822155747,1,south-facing,180.0,collect.image.center_pixel.incidence_angle,34.53425949792353,34.53425949792353,55.46574050207647,"vertical (field is named incidence, not grazing)",EPSG:32631,47717,3066,"[0.25, 0.0, 591912.6343100901, 0.0, -0.25, 5749948.835313005]","[591912.6343100901, 5749182.335313005, 603841.8843100901, 5749948.835313005]",6,float32,nan
20190822155902_20190822160145,0,north-facing,0.0,collect.image.center_pixel.incidence_angle,34.70166745195444,34.70166745195444,55.29833254804556,"vertical (field is named incidence, not grazing)",EPSG:32631,48572,3224,"[0.25, 0.0, 591973.7680218267, 0.0, -0.25, 5747028.771236744]","[591973.7680218267, 5746222.771236744, 604116.7680218267, 5747028.771236744]",6,float32,nan
20190822160239_20190822160529,1,south-facing,180.0,collect.image.center_pixel.incidence_angle,34.547301075034134,34.547301075034134,55.452698924965866,"vertical (field is named incidence, not grazing)",EPSG:32631,48037,3034,"[0.25, 0.0, 591846.8888154869, 0.0, -0.25, 5750474.015527354]","[591846.8888154869, 5749715.515527354, 603856.1388154869, 5750474.015527354]",6,float32,nan
20190822160641_20190822160923,0,north-facing,0.0,collect.image.center_pixel.incidence_angle,34.758727000980755,34.758727000980755,55.241272999019245,"vertical (field is named incidence, not grazing)",EPSG:32631,47628,3209,"[0.25, 0.0, 592021.2803460289, 0.0, -0.25, 5747566.558922209]","[592021.2803460289, 5746764.308922209, 603928.2803460289, 5747566.558922209]",6,float32,nan
20190822161045_20190822161339,1,south-facing,180.0,collect.image.center_pixel.incidence_angle,34.72086945010245,34.72086945010245,55.27913054989755,"vertical (field is named incidence, not grazing)",EPSG:32631,48852,3043,"[0.25, 0.0, 591894.7443045422, 0.0, -0.25, 5751014.295961031]","[591894.7443045422, 5750253.545961031, 604107.7443045422, 5751014.295961031]",6,float32,nan
20190822161458_20190822161736,0,north-facing,0.0,collect.image.center_pixel.incidence_angle,34.63924289738845,34.63924289738845,55.36075710261155,"vertical (field is named incidence, not grazing)",EPSG:32631,45247,3173,"[0.25, 0.0, 592495.2114963474, 0.0, -0.25, 5748107.450537269]","[592495.2114963474, 5747314.200537269, 603806.9614963474, 5748107.450537269]",6,float32,nan
20190822161837_20190822162134,1,south-facing,180.0,collect.image.center_pixel.incidence_angle,34.28281264084911,34.28281264084911,55.71718735915089,"vertical (field is named incidence, not grazing)",EPSG:32631,49509,3086,"[0.25, 0.0, 591801.0876528247, 0.0, -0.25, 5751576.252283027]","[591801.0876528247, 5750804.752283027, 604178.3376528247, 5751576.252283027]",6,float32,nan
20190822162246_20190822162529,0,north-facing,0.0,collect.image.center_pixel.incidence_angle,34.777076875063514,34.777076875063514,55.222923124936486,"vertical (field is named incidence, not grazing)",EPSG:32631,47390,3206,"[0.25, 0.0, 592274.1569040313, 0.0, -0.25, 5748642.923882923]","[592274.1569040313, 5747841.423882923, 604121.6569040313, 5748642.923882923]",6,float32,nan
20190822162621_20190822162906,1,south-facing,180.0,collect.image.center_pixel.incidence_angle,34.38251377190827,34.38251377190827,55.61748622809173,"vertical (field is named incidence, not grazing)",EPSG:32631,46724,3019,"[0.25, 0.0, 591888.0883307155, 0.0, -0.25, 5752093.769363983]","[591888.0883307155, 5751339.019363983, 603569.0883307155, 5752093.769363983]",6,float32,nan
20190822163021_20190822163304,0,north-facing,0.0,collect.image.center_pixel.incidence_angle,35.33046503553793,35.33046503553793,54.66953496446207,"vertical (field is named incidence, not grazing)",EPSG:32631,47852,3213,"[0.25, 0.0, 591999.9892988452, 0.0, -0.25, 5749179.0124845095]","[591999.9892988452, 5748375.7624845095, 603962.9892988452, 5749179.0124845095]",6,float32,nan
20190822163425_20190822163708,1,south-facing,180.0,collect.image.center_pixel.incidence_angle,34.41749576733717,34.41749576733717,55.58250423266283,"vertical (field is named incidence, not grazing)",EPSG:32631,46261,3013,"[0.25, 0.0, 591913.2297134062, 0.0, -0.25, 5752627.127917169]","[591913.2297134062, 5751873.877917169, 603478.4797134062, 5752627.127917169]",6,float32,nan
20190822163834_20190822164115,0,north-facing,0.0,collect.image.center_pixel.incidence_angle,35.00988867503734,35.00988867503734,54.99011132496266,"vertical (field is named incidence, not grazing)",EPSG:32631,47390,3206,"[0.25, 0.0, 592169.6447040548, 0.0, -0.25, 5749726.5869052]","[592169.6447040548, 5748925.0869052, 604017.1447040548, 5749726.5869052]",6,float32,nan
20190822164304_20190822164613,1,south-facing,180.0,collect.image.center_pixel.incidence_angle,34.394825187298096,34.394825187298096,55.605174812701904,"vertical (field is named incidence, not grazing)",EPSG:32631,49188,3047,"[0.25, 0.0, 591732.0742977243, 0.0, -0.25, 5753173.087887167]","[591732.0742977243, 5752411.337887167, 604029.0742977243, 5753173.087887167]",6,float32,nan
20190822164803_20190822165101,0,north-facing,0.0,collect.image.center_pixel.incidence_angle,35.33350807221829,35.33350807221829,54.66649192778171,"vertical (field is named incidence, not grazing)",EPSG:32631,51132,3263,"[0.25, 0.0, 591665.7482242587, 0.0, -0.25, 5746495.642377686]","[591665.7482242587, 5745679.892377686, 604448.7482242587, 5746495.642377686]",6,float32,nan
20190823065021_20190823065333,1,south-facing,180.0,collect.image.center_pixel.incidence_angle,34.513304754668454,34.513304754668454,55.486695245331546,"vertical (field is named incidence, not grazing)",EPSG:32631,52341,3083,"[0.25, 0.0, 591511.1981825185, 0.0, -0.25, 5749932.289349018]","[591511.1981825185, 5749161.539349018, 604596.4481825185, 5749932.289349018]",6,float32,nan
20190823065505_20190823065800,0,north-facing,0.0,collect.image.center_pixel.incidence_angle,34.81094703260179,34.81094703260179,55.18905296739821,"vertical (field is named incidence, not grazing)",EPSG:32631,48493,3223,"[0.25, 0.0, 591832.3002286158, 0.0, -0.25, 5747025.278227334]","[591832.3002286158, 5746219.528227334, 603955.5502286158, 5747025.278227334]",6,float32,nan
20190823065938_20190823070236,1,south-facing,180.0,collect.image.center_pixel.incidence_angle,34.80732032384387,34.80732032384387,55.19267967615613,"vertical (field is named incidence, not grazing)",EPSG:32631,48772,3042,"[0.25, 0.0, 591883.2261553245, 0.0, -0.25, 5750468.680313861]","[591883.2261553245, 5749708.180313861, 604076.2261553245, 5750468.680313861]",6,float32,nan
20190823070415_20190823070716,0,north-facing,0.0,collect.image.center_pixel.incidence_angle,35.03529203309278,35.03529203309278,54.96470796690722,"vertical (field is named incidence, not grazing)",EPSG:32631,49324,3235,"[0.25, 0.0, 591751.368766984, 0.0, -0.25, 5747565.152698593]","[591751.368766984, 5746756.402698593, 604082.368766984, 5747565.152698593]",6,float32,nan
20190823070853_20190823071152,1,south-facing,180.0,collect.image.center_pixel.incidence_angle,34.926572348015725,34.926572348015725,55.073427651984275,"vertical (field is named incidence, not grazing)",EPSG:32631,49493,3087,"[0.25, 0.0, 591913.8739067196, 0.0, -0.25, 5751026.769198783]","[591913.8739067196, 5750255.019198783, 604287.1239067196, 5751026.769198783]",6,float32,nan
20190823071331_20190823071608,0,north-facing,0.0,collect.image.center_pixel.incidence_angle,35.09535100946926,35.09535100946926,54.90464899053074,"vertical (field is named incidence, not grazing)",EPSG:32631,45853,3219,"[0.25, 0.0, 592423.6784923043, 0.0, -0.25, 5748094.961216368]","[592423.6784923043, 5747290.211216368, 603886.9284923043, 5748094.961216368]",6,float32,nan
20190823071743_20190823072036,1,south-facing,180.0,collect.image.center_pixel.incidence_angle,34.322680811955884,34.322680811955884,55.677319188044116,"vertical (field is named incidence, not grazing)",EPSG:32631,45908,3009,"[0.25, 0.0, 592029.5643180535, 0.0, -0.25, 5751547.43830145]","[592029.5643180535, 5750795.18830145, 603506.5643180535, 5751547.43830145]",6,float32,nan
20190823072207_20190823072458,0,north-facing,0.0,collect.image.center_pixel.incidence_angle,34.70637464287426,34.70637464287426,55.29362535712574,"vertical (field is named incidence, not grazing)",EPSG:32631,47643,3210,"[0.25, 0.0, 591927.1767907711, 0.0, -0.25, 5748639.939105468]","[591927.1767907711, 5747837.439105468, 603837.9267907711, 5748639.939105468]",6,float32,nan
20190823072627_20190823072925,1,south-facing,180.0,collect.image.center_pixel.incidence_angle,34.763100890675325,34.763100890675325,55.236899109324675,"vertical (field is named incidence, not grazing)",EPSG:32631,49364,3049,"[0.25, 0.0, 591865.3806561795, 0.0, -0.25, 5752097.478280787]","[591865.3806561795, 5751335.228280787, 604206.3806561795, 5752097.478280787]",6,float32,nan
20190823073047_20190823073350,0,north-facing,0.0,collect.image.center_pixel.incidence_angle,34.87129185598142,34.87129185598142,55.12870814401858,"vertical (field is named incidence, not grazing)",EPSG:32631,49756,3242,"[0.25, 0.0, 591549.5933150864, 0.0, -0.25, 5749175.999658011]","[591549.5933150864, 5748365.499658011, 603988.5933150864, 5749175.999658011]",6,float32,nan
20190823073526_20190823073827,1,south-facing,180.0,collect.image.center_pixel.incidence_angle,34.475635303572474,34.475635303572474,55.524364696427526,"vertical (field is named incidence, not grazing)",EPSG:32631,48486,3039,"[0.25, 0.0, 591741.5275405, 0.0, -0.25, 5752628.318400093]","[591741.5275405, 5751868.568400093, 603863.0275405, 5752628.318400093]",6,float32,nan
20190823074026_20190823074323,0,north-facing,0.0,collect.image.center_pixel.incidence_angle,34.90204625249613,34.90204625249613,55.09795374750387,"vertical (field is named incidence, not grazing)",EPSG:32631,50349,3287,"[0.25, 0.0, 591287.3843100228, 0.0, -0.25, 5749715.393145993]","[591287.3843100228, 5748893.643145993, 603874.6343100228, 5749715.393145993]",6,float32,nan
20190823074455_20190823074758,1,south-facing,180.0,collect.image.center_pixel.incidence_angle,34.44063068011219,34.44063068011219,55.55936931988781,"vertical (field is named incidence, not grazing)",EPSG:32631,49893,3055,"[0.25, 0.0, 591426.6594478573, 0.0, -0.25, 5753165.905765533]","[591426.6594478573, 5752402.155765533, 603899.9094478573, 5753165.905765533]",6,float32,nan
20190823075318_20190823075613,0,north-facing,0.0,collect.image.center_pixel.incidence_angle,34.97412238557012,34.97412238557012,55.02587761442988,"vertical (field is named incidence, not grazing)",EPSG:32631,51855,3566,"[0.25, 0.0, 591305.109888084, 0.0, -0.25, 5746389.785578691]","[591305.109888084, 5745498.285578691, 604268.859888084, 5746389.785578691]",6,float32,nan
20190823075755_20190823080053,1,south-facing,180.0,collect.image.center_pixel.incidence_angle,34.45423828932377,34.45423828932377,55.54576171067623,"vertical (field is named incidence, not grazing)",EPSG:32631,49545,3359,"[0.25, 0.0, 591813.0160656852, 0.0, -0.25, 5750095.085340769]","[591813.0160656852, 5749255.335340769, 604199.2660656852, 5750095.085340769]",6,float32,nan
20190823080230_20190823080526,0,north-facing,0.0,collect.image.center_pixel.incidence_angle,35.13316800911272,35.13316800911272,54.86683199088728,"vertical (field is named incidence, not grazing)",EPSG:32631,48464,3514,"[0.25, 0.0, 591925.474428864, 0.0, -0.25, 5746932.322114648]","[591925.474428864, 5746053.822114648, 604041.474428864, 5746932.322114648]",6,float32,nan
20190823080717_20190823081024,1,south-facing,180.0,collect.image.center_pixel.incidence_angle,34.80278879301079,34.80278879301079,55.19721120698921,"vertical (field is named incidence, not grazing)",EPSG:32631,49592,3343,"[0.25, 0.0, 591906.1469003086, 0.0, -0.25, 5750631.215315419]","[591906.1469003086, 5749795.465315419, 604304.1469003086, 5750631.215315419]",6,float32,nan
20190823081159_20190823081456,0,north-facing,0.0,collect.image.center_pixel.incidence_angle,34.54508620931028,34.54508620931028,55.45491379068972,"vertical (field is named incidence, not grazing)",EPSG:32631,48881,3520,"[0.25, 0.0, 591880.6961316767, 0.0, -0.25, 5747477.255719063]","[591880.6961316767, 5746597.255719063, 604100.9461316767, 5747477.255719063]",6,float32,nan
20190823082145_20190823082444,0,north-facing,0.0,collect.image.center_pixel.incidence_angle,34.914040379051265,34.914040379051265,55.085959620948735,"vertical (field is named incidence, not grazing)",EPSG:32631,47698,3502,"[0.25, 0.0, 592007.368857202, 0.0, -0.25, 5748020.6208314]","[592007.368857202, 5747145.1208314, 603931.868857202, 5748020.6208314]",6,float32,nan
20190823082625_20190823082938,1,south-facing,180.0,collect.image.center_pixel.incidence_angle,34.2780066388152,34.2780066388152,55.7219933611848,"vertical (field is named incidence, not grazing)",EPSG:32631,50791,3358,"[0.25, 0.0, 591598.1308905956, 0.0, -0.25, 5751706.224198085]","[591598.1308905956, 5750866.724198085, 604295.8808905956, 5751706.224198085]",6,float32,nan
20190823083119_20190823083425,0,north-facing,0.0,collect.image.center_pixel.incidence_angle,34.92721720022069,34.92721720022069,55.07278279977931,"vertical (field is named incidence, not grazing)",EPSG:32631,49264,3542,"[0.25, 0.0, 591634.5649045942, 0.0, -0.25, 5748552.696624579]","[591634.5649045942, 5747667.196624579, 603950.5649045942, 5748552.696624579]",6,float32,nan
20190823083559_20190823083940,1,south-facing,180.0,collect.image.center_pixel.incidence_angle,34.4596845423153,34.4596845423153,55.5403154576847,"vertical (field is named incidence, not grazing)",EPSG:32631,58695,3448,"[0.25, 0.0, 590093.9016912192, 0.0, -0.25, 5752265.299560091]","[590093.9016912192, 5751403.299560091, 604767.6516912192, 5752265.299560091]",6,float32,nan
20190823084056_20190823084400,0,north-facing,0.0,collect.image.center_pixel.incidence_angle,34.795475340239385,34.795475340239385,55.204524659760615,"vertical (field is named incidence, not grazing)",EPSG:32631,49632,3532,"[0.25, 0.0, 591559.0939861487, 0.0, -0.25, 5749093.441609779]","[591559.0939861487, 5748210.441609779, 603967.0939861487, 5749093.441609779]",6,float32,nan
20190823084527_20190823084841,1,south-facing,180.0,collect.image.center_pixel.incidence_angle,34.28810087078401,34.28810087078401,55.71189912921599,"vertical (field is named incidence, not grazing)",EPSG:32631,51224,3362,"[0.25, 0.0, 591275.2916463715, 0.0, -0.25, 5752785.368368613]","[591275.2916463715, 5751944.868368613, 604081.2916463715, 5752785.368368613]",6,float32,nan
20190823085011_20190823085317,0,north-facing,0.0,collect.image.center_pixel.incidence_angle,34.89733675609941,34.89733675609941,55.10266324390059,"vertical (field is named incidence, not grazing)",EPSG:32631,50624,3547,"[0.25, 0.0, 591546.0322603354, 0.0, -0.25, 5749643.0047300495]","[591546.0322603354, 5748756.2547300495, 604202.0322603354, 5749643.0047300495]",6,float32,nan
20190823085444_20190823085754,1,south-facing,180.0,collect.image.center_pixel.incidence_angle,34.46570766526519,34.46570766526519,55.53429233473481,"vertical (field is named incidence, not grazing)",EPSG:32631,50520,3355,"[0.25, 0.0, 591579.8733318612, 0.0, -0.25, 5753324.858981013]","[591579.8733318612, 5752486.108981013, 604209.8733318612, 5753324.858981013]",6,float32,nan
20190823090045_20190823090358,0,north-facing,0.0,collect.image.center_pixel.incidence_angle,35.03808407886438,35.03808407886438,54.96191592113562,"vertical (field is named incidence, not grazing)",EPSG:32631,51328,3558,"[0.25, 0.0, 591592.6884927775, 0.0, -0.25, 5746401.22561291]","[591592.6884927775, 5745511.72561291, 604424.6884927775, 5746401.22561291]",6,float32,nan
20190823090554_20190823090904,1,south-facing,180.0,collect.image.center_pixel.incidence_angle,34.46551760864341,34.46551760864341,55.53448239135659,"vertical (field is named incidence, not grazing)",EPSG:32631,47656,3285,"[0.25, 0.0, 591928.3187026706, 0.0, -0.25, 5750063.867843471]","[591928.3187026706, 5749242.617843471, 603842.3187026706, 5750063.867843471]",6,float32,nan
20190823091132_20190823091448,0,north-facing,0.0,collect.image.center_pixel.incidence_angle,34.88249736571293,34.88249736571293,55.11750263428707,"vertical (field is named incidence, not grazing)",EPSG:32631,50815,3550,"[0.25, 0.0, 591564.6810996634, 0.0, -0.25, 5746941.373908494]","[591564.6810996634, 5746053.873908494, 604268.4310996634, 5746941.373908494]",6,float32,nan
20190823091635_20190823091951,1,south-facing,180.0,collect.image.center_pixel.incidence_angle,34.47243695301442,34.47243695301442,55.52756304698558,"vertical (field is named incidence, not grazing)",EPSG:32631,49575,3343,"[0.25, 0.0, 591795.1809089252, 0.0, -0.25, 5750627.55673359]","[591795.1809089252, 5749791.80673359, 604188.9309089252, 5750627.55673359]",6,float32,nan
20190823092528_20190823092835,0,north-facing,0.0,collect.image.center_pixel.incidence_angle,35.017545454122896,35.017545454122896,54.982454545877104,"vertical (field is named incidence, not grazing)",EPSG:32631,50464,3545,"[0.25, 0.0, 591571.5099169639, 0.0, -0.25, 5747476.742119476]","[591571.5099169639, 5746590.492119476, 604187.5099169639, 5747476.742119476]",6,float32,nan
20190823093023_20190823093332,1,south-facing,180.0,collect.image.center_pixel.incidence_angle,34.27728726229546,34.27728726229546,55.72271273770454,"vertical (field is named incidence, not grazing)",EPSG:32631,49497,3343,"[0.25, 0.0, 591880.0137571481, 0.0, -0.25, 5751167.475532704]","[591880.0137571481, 5750331.725532704, 604254.2637571481, 5751167.475532704]",6,float32,nan
20190823093548_20190823093858,0,north-facing,0.0,collect.image.center_pixel.incidence_angle,34.98828676701967,34.98828676701967,55.01171323298033,"vertical (field is named incidence, not grazing)",EPSG:32631,49794,3534,"[0.25, 0.0, 591582.1660684, 0.0, -0.25, 5748022.26141275]","[591582.1660684, 5747138.76141275, 604030.6660684, 5748022.26141275]",6,float32,nan
20190823094036_20190823094408,1,south-facing,180.0,collect.image.center_pixel.incidence_angle,34.47548920491249,34.47548920491249,55.52451079508751,"vertical (field is named incidence, not grazing)",EPSG:32631,56808,3427,"[0.25, 0.0, 590313.4109745485, 0.0, -0.25, 5751713.440998567]","[590313.4109745485, 5750856.690998567, 604515.4109745485, 5751713.440998567]",6,float32,nan
20190823094552_20190823094850,0,north-facing,0.0,collect.image.center_pixel.incidence_angle,34.494857664458415,34.494857664458415,55.505142335541585,"vertical (field is named incidence, not grazing)",EPSG:32631,47168,3494,"[0.25, 0.0, 592241.708934843, 0.0, -0.25, 5748556.30030074]","[592241.708934843, 5747682.80030074, 604033.708934843, 5748556.30030074]",6,float32,nan
20190823095034_20190823095347,1,south-facing,180.0,collect.image.center_pixel.incidence_angle,34.4935693199994,34.4935693199994,55.5064306800006,"vertical (field is named incidence, not grazing)",EPSG:32631,52120,3373,"[0.25, 0.0, 591765.4024644943, 0.0, -0.25, 5752255.9985061595]","[591765.4024644943, 5751412.7485061595, 604795.4024644943, 5752255.9985061595]",6,float32,nan
20190823095600_20190823095931,0,north-facing,0.0,collect.image.center_pixel.incidence_angle,34.8539893287982,34.8539893287982,55.1460106712018,"vertical (field is named incidence, not grazing)",EPSG:32631,50528,3545,"[0.25, 0.0, 591481.4436038759, 0.0, -0.25, 5749089.722378328]","[591481.4436038759, 5748203.472378328, 604113.4436038759, 5749089.722378328]",6,float32,nan
20190823100116_20190823100432,1,south-facing,180.0,collect.image.center_pixel.incidence_angle,34.64974643864024,34.64974643864024,55.35025356135976,"vertical (field is named incidence, not grazing)",EPSG:32631,49786,3361,"[0.25, 0.0, 591785.2129632602, 0.0, -0.25, 5752791.0561523605]","[591785.2129632602, 5751950.8061523605, 604231.7129632602, 5752791.0561523605]",6,float32,nan
20190823100628_20190823100943,0,north-facing,0.0,collect.image.center_pixel.incidence_angle,34.78263813257569,34.78263813257569,55.21736186742431,"vertical (field is named incidence, not grazing)",EPSG:32631,49169,3525,"[0.25, 0.0, 591731.8078704436, 0.0, -0.25, 5749637.194825046]","[591731.8078704436, 5748755.944825046, 604024.0578704436, 5749637.194825046]",6,float32,nan
20190823101134_20190823101448,1,south-facing,180.0,collect.image.center_pixel.incidence_angle,34.2589175089293,34.2589175089293,55.7410824910707,"vertical (field is named incidence, not grazing)",EPSG:32631,49864,3347,"[0.25, 0.0, 591561.9260595407, 0.0, -0.25, 5753318.268298137]","[591561.9260595407, 5752481.518298137, 604027.9260595407, 5753318.268298137]",6,float32,nan
20190823101748_20190823102106,0,north-facing,0.0,collect.image.center_pixel.incidence_angle,34.75456313194274,34.75456313194274,55.24543686805726,"vertical (field is named incidence, not grazing)",EPSG:32631,50703,3548,"[0.25, 0.0, 591593.6321237115, 0.0, -0.25, 5746386.13675537]","[591593.6321237115, 5745499.13675537, 604269.3821237115, 5746386.13675537]",6,float32,nan
20190823123151_20190823123459,1,south-facing,180.0,collect.image.center_pixel.incidence_angle,34.383560976851356,34.383560976851356,55.616439023148644,"vertical (field is named incidence, not grazing)",EPSG:32631,50296,3315,"[0.25, 0.0, 591611.5756205814, 0.0, -0.25, 5750068.994964834]","[591611.5756205814, 5749240.244964834, 604185.5756205814, 5750068.994964834]",6,float32,nan
20190823123717_20190823124038,0,north-facing,0.0,collect.image.center_pixel.incidence_angle,35.11254666939171,35.11254666939171,54.88745333060829,"vertical (field is named incidence, not grazing)",EPSG:32631,50000,3537,"[0.25, 0.0, 591635.8307085556, 0.0, -0.25, 5746945.406576066]","[591635.8307085556, 5746061.156576066, 604135.8307085556, 5746945.406576066]",6,float32,nan
20190823124221_20190823124528,1,south-facing,180.0,collect.image.center_pixel.incidence_angle,34.26828152372582,34.26828152372582,55.73171847627418,"vertical (field is named incidence, not grazing)",EPSG:32631,49368,3341,"[0.25, 0.0, 591794.1148413911, 0.0, -0.25, 5750632.737666851]","[591794.1148413911, 5749797.487666851, 604136.1148413911, 5750632.737666851]",6,float32,nan
20190823124735_20190823125042,0,north-facing,0.0,collect.image.center_pixel.incidence_angle,34.66924515572056,34.66924515572056,55.33075484427944,"vertical (field is named incidence, not grazing)",EPSG:32631,47857,3505,"[0.25, 0.0, 592142.3408094835, 0.0, -0.25, 5747482.267015343]","[592142.3408094835, 5746606.017015343, 604106.5908094835, 5747482.267015343]",6,float32,nan
20190823125228_20190823125530,1,south-facing,180.0,collect.image.center_pixel.incidence_angle,34.32742939440795,34.32742939440795,55.67257060559205,"vertical (field is named incidence, not grazing)",EPSG:32631,49193,3340,"[0.25, 0.0, 591879.049990651, 0.0, -0.25, 5751163.4308777815]","[591879.049990651, 5750328.4308777815, 604177.299990651, 5751163.4308777815]",6,float32,nan
20190823125732_20190823130048,0,north-facing,0.0,collect.image.center_pixel.incidence_angle,34.76350403758712,34.76350403758712,55.23649596241288,"vertical (field is named incidence, not grazing)",EPSG:32631,49601,3531,"[0.25, 0.0, 591719.6911908148, 0.0, -0.25, 5748020.923857056]","[591719.6911908148, 5747138.173857056, 604119.9411908148, 5748020.923857056]",6,float32,nan
20190823130239_20190823130540,1,south-facing,180.0,collect.image.center_pixel.incidence_angle,34.435411326262596,34.435411326262596,55.564588673737404,"vertical (field is named incidence, not grazing)",EPSG:32631,48648,3333,"[0.25, 0.0, 591636.1199160768, 0.0, -0.25, 5751701.276273867]","[591636.1199160768, 5750868.026273867, 603798.1199160768, 5751701.276273867]",6,float32,nan
20190823130736_20190823131054,0,north-facing,0.0,collect.image.center_pixel.incidence_angle,35.031137728208286,35.031137728208286,54.968862271791714,"vertical (field is named incidence, not grazing)",EPSG:32631,48608,3516,"[0.25, 0.0, 591792.1769850694, 0.0, -0.25, 5748560.457544548]","[591792.1769850694, 5747681.457544548, 603944.1769850694, 5748560.457544548]",6,float32,nan
20190823131240_20190823131533,1,south-facing,180.0,collect.image.center_pixel.incidence_angle,34.29143488691173,34.29143488691173,55.70856511308827,"vertical (field is named incidence, not grazing)",EPSG:32631,48073,3327,"[0.25, 0.0, 591755.8397207396, 0.0, -0.25, 5752249.869301582]","[591755.8397207396, 5751418.119301582, 603774.0897207396, 5752249.869301582]",6,float32,nan
20190823131744_20190823132104,0,north-facing,0.0,collect.image.center_pixel.incidence_angle,35.04566998249908,35.04566998249908,54.95433001750092,"vertical (field is named incidence, not grazing)",EPSG:32631,50495,3545,"[0.25, 0.0, 591619.1148028448, 0.0, -0.25, 5749095.820281492]","[591619.1148028448, 5748209.570281492, 604242.8648028448, 5749095.820281492]",6,float32,nan
20190823132244_20190823132535,1,south-facing,180.0,collect.image.center_pixel.incidence_angle,34.55114750218115,34.55114750218115,55.44885249781885,"vertical (field is named incidence, not grazing)",EPSG:32631,49083,3337,"[0.25, 0.0, 591487.2873724747, 0.0, -0.25, 5752780.834110848]","[591487.2873724747, 5751946.584110848, 603758.0373724747, 5752780.834110848]",6,float32,nan
20190823133754_20190823134101,0,north-facing,0.0,collect.image.center_pixel.incidence_angle,34.79210976753514,34.79210976753514,55.20789023246486,"vertical (field is named incidence, not grazing)",EPSG:32631,49728,3533,"[0.25, 0.0, 591742.9898846863, 0.0, -0.25, 5749643.872870106]","[591742.9898846863, 5748760.622870106, 604174.9898846863, 5749643.872870106]",6,float32,nan
20190823134629_20190823134924,1,south-facing,180.0,collect.image.center_pixel.incidence_angle,34.68844827599338,34.68844827599338,55.31155172400662,"vertical (field is named incidence, not grazing)",EPSG:32631,50248,3352,"[0.25, 0.0, 591576.8534076553, 0.0, -0.25, 5753325.808108674]","[591576.8534076553, 5752487.808108674, 604138.8534076553, 5753325.808108674]",6,float32,nan
20190823135139_20190823135448,0,north-facing,0.0,collect.image.center_pixel.incidence_angle,34.834253089452936,34.834253089452936,55.165746910547064,"vertical (field is named incidence, not grazing)",EPSG:32631,50096,3539,"[0.25, 0.0, 591641.3726502846, 0.0, -0.25, 5746401.230883839]","[591641.3726502846, 5745516.480883839, 604165.3726502846, 5746401.230883839]",6,float32,nan
20190823135623_20190823135909,1,south-facing,180.0,collect.image.center_pixel.incidence_angle,34.73367907154784,34.73367907154784,55.26632092845216,"vertical (field is named incidence, not grazing)",EPSG:32631,47849,3323,"[0.25, 0.0, 591772.1534945474, 0.0, -0.25, 5750077.980655695]","[591772.1534945474, 5749247.230655695, 603734.4034945474, 5750077.980655695]",6,float32,nan
20190823140636_20190823140937,0,north-facing,0.0,collect.image.center_pixel.incidence_angle,34.70430753366102,34.70430753366102,55.29569246633898,"vertical (field is named incidence, not grazing)",EPSG:32631,50194,3540,"[0.25, 0.0, 591667.2730793068, 0.0, -0.25, 5746950.169306117]","[591667.2730793068, 5746065.169306117, 604215.7730793068, 5746950.169306117]",6,float32,nan
20190823141123_20190823141407,1,south-facing,180.0,collect.image.center_pixel.incidence_angle,34.37321802673673,34.37321802673673,55.62678197326327,"vertical (field is named incidence, not grazing)",EPSG:32631,48491,3331,"[0.25, 0.0, 591930.686510196, 0.0, -0.25, 5750624.7410809565]","[591930.686510196, 5749791.9910809565, 604053.436510196, 5750624.7410809565]",6,float32,nan
20190823141628_20190823141922,0,north-facing,0.0,collect.image.center_pixel.incidence_angle,34.73121331602234,34.73121331602234,55.26878668397766,"vertical (field is named incidence, not grazing)",EPSG:32631,46768,3488,"[0.25, 0.0, 592415.788930798, 0.0, -0.25, 5747483.610784657]","[592415.788930798, 5746611.610784657, 604107.788930798, 5747483.610784657]",6,float32,nan
20190823142111_20190823142355,1,south-facing,180.0,collect.image.center_pixel.incidence_angle,34.66068166813001,34.66068166813001,55.33931833186999,"vertical (field is named incidence, not grazing)",EPSG:32631,45883,3302,"[0.25, 0.0, 591858.021651908, 0.0, -0.25, 5751156.333968121]","[591858.021651908, 5750330.833968121, 603328.771651908, 5751156.333968121]",6,float32,nan
20190823142603_20190823142913,0,north-facing,0.0,collect.image.center_pixel.incidence_angle,34.82406783795652,34.82406783795652,55.17593216204348,"vertical (field is named incidence, not grazing)",EPSG:32631,49999,3537,"[0.25, 0.0, 591660.7086582868, 0.0, -0.25, 5748020.8464081185]","[591660.7086582868, 5747136.5964081185, 604160.4586582868, 5748020.8464081185]",6,float32,nan
20190823143102_20190823143400,1,south-facing,180.0,collect.image.center_pixel.incidence_angle,34.391219906224855,34.391219906224855,55.608780093775145,"vertical (field is named incidence, not grazing)",EPSG:32631,49751,3346,"[0.25, 0.0, 591607.8274023719, 0.0, -0.25, 5751707.988877772]","[591607.8274023719, 5750871.488877772, 604045.5774023719, 5751707.988877772]",6,float32,nan
20190823143529_20190823143813,0,north-facing,0.0,collect.image.center_pixel.incidence_angle,34.954264104022144,34.954264104022144,55.045735895977856,"vertical (field is named incidence, not grazing)",EPSG:32631,45442,3468,"[0.25, 0.0, 592431.6696791388, 0.0, -0.25, 5748553.7546308385]","[592431.6696791388, 5747686.7546308385, 603792.1696791388, 5748553.7546308385]",6,float32,nan
20190823144002_20190823144238,1,south-facing,180.0,collect.image.center_pixel.incidence_angle,34.52735430358275,34.52735430358275,55.47264569641725,"vertical (field is named incidence, not grazing)",EPSG:32631,45387,3296,"[0.25, 0.0, 591806.0999562796, 0.0, -0.25, 5752241.5870255055]","[591806.0999562796, 5751417.5870255055, 603152.8499562796, 5752241.5870255055]",6,float32,nan
20190823144405_20190823144711,0,north-facing,0.0,collect.image.center_pixel.incidence_angle,34.80405295959385,34.80405295959385,55.19594704040615,"vertical (field is named incidence, not grazing)",EPSG:32631,49777,3534,"[0.25, 0.0, 591603.1046989791, 0.0, -0.25, 5749093.625059577]","[591603.1046989791, 5748210.125059577, 604047.3546989791, 5749093.625059577]",6,float32,nan
20190823144849_20190823145144,1,south-facing,180.0,collect.image.center_pixel.incidence_angle,34.43278700124838,34.43278700124838,55.56721299875162,"vertical (field is named incidence, not grazing)",EPSG:32631,48520,3331,"[0.25, 0.0, 591650.512404412, 0.0, -0.25, 5752782.34316992]","[591650.512404412, 5751949.59316992, 603780.512404412, 5752782.34316992]",6,float32,nan
20190823145306_20190823145612,0,north-facing,0.0,collect.image.center_pixel.incidence_angle,35.06359268336462,35.06359268336462,54.93640731663538,"vertical (field is named incidence, not grazing)",EPSG:32631,50767,3549,"[0.25, 0.0, 591947.0524465097, 0.0, -0.25, 5749645.276502152]","[591947.0524465097, 5748758.026502152, 604638.8024465097, 5749645.276502152]",6,float32,nan
20190823145732_20190823150016,1,south-facing,180.0,collect.image.center_pixel.incidence_angle,34.547920509874174,34.547920509874174,55.452079490125826,"vertical (field is named incidence, not grazing)",EPSG:32631,46169,3305,"[0.25, 0.0, 591700.1067468233, 0.0, -0.25, 5753314.563787552]","[591700.1067468233, 5752488.313787552, 603242.3567468233, 5753314.563787552]",6,float32,nan
20190823150417_20190823150712,0,north-facing,0.0,collect.image.center_pixel.incidence_angle,34.80703314242507,34.80703314242507,55.19296685757493,"vertical (field is named incidence, not grazing)",EPSG:32631,49121,3524,"[0.25, 0.0, 591665.1053604066, 0.0, -0.25, 5746398.831911593]","[591665.1053604066, 5745517.831911593, 603945.3553604066, 5746398.831911593]",6,float32,nan
20190823151153_20190823151440,1,south-facing,180.0,collect.image.center_pixel.incidence_angle,34.60696223540463,34.60696223540463,55.39303776459537,"vertical (field is named incidence, not grazing)",EPSG:32631,47305,3333,"[0.25, 0.0, 591893.2083314528, 0.0, -0.25, 5750094.1960347025]","[591893.2083314528, 5749260.9460347025, 603719.4583314528, 5750094.1960347025]",6,float32,nan
20190823151559_20190823151919,0,north-facing,0.0,collect.image.center_pixel.incidence_angle,34.70984301150037,34.70984301150037,55.29015698849963,"vertical (field is named incidence, not grazing)",EPSG:32631,50352,3543,"[0.25, 0.0, 591676.0982294814, 0.0, -0.25, 5746945.902353526]","[591676.0982294814, 5746060.152353526, 604264.0982294814, 5746945.902353526]",6,float32,nan
20190823152057_20190823152354,1,south-facing,180.0,collect.image.center_pixel.incidence_angle,34.64029756155801,34.64029756155801,55.35970243844199,"vertical (field is named incidence, not grazing)",EPSG:32631,49272,3340,"[0.25, 0.0, 591746.421926494, 0.0, -0.25, 5750627.195614738]","[591746.421926494, 5749792.195614738, 604064.421926494, 5750627.195614738]",6,float32,nan
20190823152527_20190823152847,0,north-facing,0.0,collect.image.center_pixel.incidence_angle,34.9858213263483,34.9858213263483,55.0141786736517,"vertical (field is named incidence, not grazing)",EPSG:32631,51377,3574,"[0.25, 0.0, 591653.3597330914, 0.0, -0.25, 5747490.700371325]","[591653.3597330914, 5746597.200371325, 604497.6097330914, 5747490.700371325]",6,float32,nan
20190823153025_20190823153316,1,south-facing,180.0,collect.image.center_pixel.incidence_angle,34.614866793427744,34.614866793427744,55.385133206572256,"vertical (field is named incidence, not grazing)",EPSG:32631,47082,3316,"[0.25, 0.0, 591735.2618582009, 0.0, -0.25, 5751159.915006796]","[591735.2618582009, 5750330.915006796, 603505.7618582009, 5751159.915006796]",6,float32,nan
20190823153502_20190823153756,0,north-facing,0.0,collect.image.center_pixel.incidence_angle,34.998278410884716,34.998278410884716,55.001721589115284,"vertical (field is named incidence, not grazing)",EPSG:32631,47746,3519,"[0.25, 0.0, 592157.4196650188, 0.0, -0.25, 5748018.609100082]","[592157.4196650188, 5747138.859100082, 604093.9196650188, 5748018.609100082]",6,float32,nan
20190823153931_20190823154211,1,south-facing,180.0,collect.image.center_pixel.incidence_angle,34.40559504576771,34.40559504576771,55.59440495423229,"vertical (field is named incidence, not grazing)",EPSG:32631,45834,3301,"[0.25, 0.0, 591811.0401683747, 0.0, -0.25, 5751701.214657281]","[591811.0401683747, 5750875.964657281, 603269.5401683747, 5751701.214657281]",6,float32,nan
20190823154802_20190823155103,0,north-facing,0.0,collect.image.center_pixel.incidence_angle,35.06864459789779,35.06864459789779,54.93135540210221,"vertical (field is named incidence, not grazing)",EPSG:32631,49457,3529,"[0.25, 0.0, 591710.9047109288, 0.0, -0.25, 5748564.53341913]","[591710.9047109288, 5747682.28341913, 604075.1547109288, 5748564.53341913]",6,float32,nan
20190823155824_20190823160121,0,north-facing,0.0,collect.image.center_pixel.incidence_angle,34.941381939200205,34.941381939200205,55.058618060799795,"vertical (field is named incidence, not grazing)",EPSG:32631,47905,3506,"[0.25, 0.0, 592025.0392901665, 0.0, -0.25, 5749094.007413971]","[592025.0392901665, 5748217.507413971, 604001.2892901665, 5749094.007413971]",6,float32,nan
20190823160351_20190823160645,1,south-facing,180.0,collect.image.center_pixel.incidence_angle,34.75960400387418,34.75960400387418,55.24039599612582,"vertical (field is named incidence, not grazing)",EPSG:32631,49575,3343,"[0.25, 0.0, 591575.4619238442, 0.0, -0.25, 5752789.348603731]","[591575.4619238442, 5751953.598603731, 603969.2119238442, 5752789.348603731]",6,float32,nan
20190823160819_20190823161113,0,north-facing,0.0,collect.image.center_pixel.incidence_angle,34.860676340061254,34.860676340061254,55.139323659938746,"vertical (field is named incidence, not grazing)",EPSG:32631,46785,3488,"[0.25, 0.0, 592260.9985837094, 0.0, -0.25, 5749636.042748855]","[592260.9985837094, 5748764.042748855, 603957.2485837094, 5749636.042748855]",6,float32,nan
20190823161251_20190823161546,1,south-facing,180.0,collect.image.center_pixel.incidence_angle,34.34727257515755,34.34727257515755,55.65272742484245,"vertical (field is named incidence, not grazing)",EPSG:32631,47035,3315,"[0.25, 0.0, 591815.0875653423, 0.0, -0.25, 5753319.37341608]","[591815.0875653423, 5752490.62341608, 603573.8375653423, 5753319.37341608]",6,float32,nan
20190823161806_20190823162129,0,north-facing,0.0,collect.image.center_pixel.incidence_angle,35.14638794248107,35.14638794248107,54.85361205751893,"vertical (field is named incidence, not grazing)",EPSG:32631,50607,3547,"[0.25, 0.0, 591577.5987554253, 0.0, -0.25, 5746404.259810801]","[591577.5987554253, 5745517.509810801, 604229.3487554253, 5746404.259810801]",6,float32,nan
20190823162315_20190823162606,1,south-facing,180.0,collect.image.center_pixel.incidence_angle,34.38852822513863,34.38852822513863,55.61147177486137,"vertical (field is named incidence, not grazing)",EPSG:32631,46265,3306,"[0.25, 0.0, 591638.1088596416, 0.0, -0.25, 5752242.356425756]","[591638.1088596416, 5751415.856425756, 603204.3588596416, 5752242.356425756]",6,float32,nan
